fecha_hora,ubicacion,placas_unicas,conteo_total
2026-03-30T00:00:00.000-05:00,CR 64AA x CL 121,3020,2337318
2026-03-30T00:00:00.000-05:00,Av Regional x CL 89,2159,2337318
2026-03-30T00:00:00.000-05:00,CL 67 x CR 65,2009,2337318
2026-03-30T00:00:00.000-05:00,CR 65 x CL 97,1548,2337318
2026-03-30T00:00:00.000-05:00,Av San Juan Cr 43A Subiendo a Salvador OCC-OR,1422,2337318
2026-03-30T00:00:00.000-05:00,Cr 50 x CL 12 Sur N-S INT,1338,2337318
2026-03-30T00:00:00.000-05:00,CR 65 x CL 80,1556,2337318
2026-03-30T00:00:00.000-05:00,Av Regional Cl 15sur Est Aguacatala S-N  EXT,1637,2337318
2026-03-30T00:00:00.000-05:00,Av Regional Est Industriales  S-N INT,1623,2337318
2026-03-30T00:00:00.000-05:00,Av Regional Est Industriales  S-N EXT,1639,2337318
2026-03-30T00:00:00.000-05:00,Av 33 CR 66B Clin Oftalmologica OR-OCC,1298,2337318
2026-03-30T00:00:00.000-05:00,Autopista Sur x Est. industriales N-S EXT,1318,2337318
2026-03-30T00:00:00.000-05:00,CR 63 x CL 121,1306,2337318
2026-03-30T00:00:00.000-05:00,Cra 96 Cll 44 Bibl. San Javier OR-OCC,1307,2337318
2026-03-30T00:00:00.000-05:00,CR 52 x CL 6 Sur 70 S-N,1130,2337318
2026-03-30T00:00:00.000-05:00,Av Regional Cl 15sur Est Aguacatala S-N  INT,1266,2337318
2026-03-30T00:00:00.000-05:00,Av Carabobo x CL 78,1263,2337318
2026-03-30T00:00:00.000-05:00,CR 52 x CL 6 Sur 57 N-S,1032,2337318
2026-03-30T00:00:00.000-05:00,Av San Juan Cr 82 EDS Texaco OR-OCC,1195,2337318
2026-03-30T00:00:00.000-05:00,Autopista Sur con Pte Guayabal  N-S INT,1166,2337318
2026-03-30T00:00:00.000-05:00,Cl 80 Av 80  CAI Lopez de Mesa OR-OCC,1068,2337318
2026-03-30T00:00:00.000-05:00,Autopista Sur Cl 48 La Macarena N-S EXT,1027,2337318
2026-03-30T00:00:00.000-05:00,Av Poblado Cl 14Sur Edificio SEROX N-S,938,2337318
2026-03-30T00:00:00.000-05:00,CL 2 Sur x CR 67 N-S,879,2337318
2026-03-30T00:00:00.000-05:00,CR 52 x CL 14 Sur 129,976,2337318
2026-03-30T00:00:00.000-05:00,Av 80 Cl 42 Auteco Laureles S-N,927,2337318
2026-03-30T00:00:00.000-05:00,Av 33 CR 66B Clin Oftalmologica OCC-OR,869,2337318
2026-03-30T00:00:00.000-05:00,CL 30 x CR 54 OCC-OR,880,2337318
2026-03-30T00:00:00.000-05:00,Av Bolivariana Cl 35 Unicentro OR-OCC,893,2337318
2026-03-30T00:00:00.000-05:00,Autopista sur Est industriales  N-S INT,942,2337318
2026-03-30T00:00:00.000-05:00,Av. Las Palmas Cra 30 OCC-OR,811,2337318
2026-03-30T00:00:00.000-05:00,Cr 50 x CL 12 Sur N-S  EXT,921,2337318
2026-03-30T00:00:00.000-05:00,AV NUTIBARA CLL 42 CON 79 ( IGLESIA CONSOLATA) S-N,657,2337318
2026-03-30T00:00:00.000-05:00,Av Bolivariana Cl 35 Unicentro OCC-OR,877,2337318
2026-03-30T00:00:00.000-05:00,Cra 63B con Cll 33 (Ori-Occ)frente a taberna baco,889,2337318
2026-03-30T00:00:00.000-05:00,CR 53 x CL 93,895,2337318
2026-03-30T00:00:00.000-05:00,CL 66 x CR 45,696,2337318
2026-03-30T00:00:00.000-05:00,Cra 43C CALLE  6 SUR (DETR├üS DE OVIEDO -CERCA PUENTE 4 SUR) N-S,545,2337318
2026-03-30T00:00:00.000-05:00,Autopista Sur con Pte Guayabal  N-S EXT,710,2337318
2026-03-30T00:00:00.000-05:00,Av. Las Vegas Cll 20 Ciudad del rio S-N,645,2337318
2026-03-30T00:00:00.000-05:00,CL 104 x CR 65,584,2337318
2026-03-30T00:00:00.000-05:00,Cl 67 Cr 55 UdeA Tienda Corona OCC-OR,762,2337318
2026-03-30T00:00:00.000-05:00,Cr 65 Cl 43 San Joaquin S-N,801,2337318
2026-03-30T00:00:00.000-05:00,Cr 65 Cl 32A Clin Conquistadores S-N,678,2337318
2026-03-30T00:00:00.000-05:00,Av San Juan Cr 82 EDS Texaco OCC-OR,758,2337318
2026-03-30T00:00:00.000-05:00,AVENIDA NUTIBARA  TV 39 CON 71 ( UPB ) (OR-OCC),723,2337318
2026-03-30T00:00:00.000-05:00,Calle 12 Sur cra 44 (Glorieta Aguacatala) (Occ-Ori),704,2337318
2026-03-30T00:00:00.000-05:00,Av 33 Cr 76 Los Almendros OR-OCC,563,2337318
2026-03-30T00:00:00.000-05:00,Av 80 Cl 79B Robledo S-N,697,2337318
2026-03-30T00:00:00.000-05:00,Av 80 Cl 34C Alberto Lechona Laureles S-N,677,2337318
2026-03-30T00:00:00.000-05:00,Cl 50 Cr 81 Despues de la 80 OR-OCC,674,2337318
2026-03-30T00:00:00.000-05:00,Cra 63B con Cll 33 (Occ-Ori) frente a taberna baco,675,2337318
2026-03-30T00:00:00.000-05:00,CL 67 x CR 55,636,2337318
2026-03-30T00:00:00.000-05:00,Cr 65 Cl 59A UNAL y Cerro el Volador S-N,679,2337318
2026-03-30T00:00:00.000-05:00,Cr 74 Cl 48  Obelisco S-N,500,2337318
2026-03-30T00:00:00.000-05:00,Cra 43C CALLE  6 SUR (DETR├üS DE OVIEDO -CERCA PUENTE 4 SUR) S -N,614,2337318
2026-03-30T00:00:00.000-05:00,CR 39 x CL 86,633,2337318
2026-03-30T00:00:00.000-05:00,Cl 37 Cr 48 Leonisa OR-OCC,594,2337318
2026-03-30T00:00:00.000-05:00,Av las Vegas Cl 7 Politecnico JIC S-N,617,2337318
2026-03-30T00:00:00.000-05:00,Cl 29 Cr 45  Punto Clave OCC-OR,633,2337318
2026-03-30T00:00:00.000-05:00,Av 33 Cr 82 Santa Gema OCC-OR,628,2337318
2026-03-30T00:00:00.000-05:00,Av las Vegas Cl 15sur Aguacatala EDS Mobil S-N,590,2337318
2026-03-30T00:00:00.000-05:00,Av Poblado Cl 34  Puente Peatonal Almacentro N-S,493,2337318
2026-03-30T00:00:00.000-05:00,Av 80 Cl 32  Canalizacion Q la Pikacha N-S,534,2337318
2026-03-30T00:00:00.000-05:00,Av Poblado Cl 24  Banco Occidente-Mall  N-S,569,2337318
2026-03-30T00:00:00.000-05:00,Av San Juan Cr 65 Goodyear OCC-OR,608,2337318
2026-03-30T00:00:00.000-05:00,Av Las Vegas Cl 5sur  EAFIT N-S,607,2337318
2026-03-30T00:00:00.000-05:00,CL 10 x CR 52A OR-OCC,597,2337318
2026-03-30T00:00:00.000-05:00,┬áCl 80 Cr 72 Cordoba OR-OCC,589,2337318
2026-03-30T00:00:00.000-05:00,Cr 65 Cl 42 D1 San Joaquin S-N,478,2337318
2026-03-30T00:00:00.000-05:00,Cl 37 Cr 48 Leonisa OCC-OR,557,2337318
2026-03-30T00:00:00.000-05:00,Av las Vegas Cl 15sur Aguacatala EDS Mobil N-S,571,2337318
2026-03-30T00:00:00.000-05:00,CR 55 x CL 94B,573,2337318
2026-03-30T00:00:00.000-05:00,Cl 11 Cr 43E Bajando a Moterrey Manila OR-OCC,569,2337318
2026-03-30T00:00:00.000-05:00,Cr 37 Cl 9sur Mall Comercial Honda OCC-OR,570,2337318
2026-03-30T00:00:00.000-05:00,Cl 29 x Cr 38,569,2337318
2026-03-30T00:00:00.000-05:00,Calle 55 con Cra 65 (punete de Iguana) occ- orie,488,2337318
2026-03-30T00:00:00.000-05:00,Cl 10 Cr 43B Parque El Poblado OCC-OR,523,2337318
2026-03-30T00:00:00.000-05:00,Calle 12 Sur  cra 44 (Glorieta Aguacatala) (Ori-Occ),547,2337318
2026-03-30T00:00:00.000-05:00,Av Oriental Cl 46 Parque San Antonio S-N,496,2337318
2026-03-30T00:00:00.000-05:00,Autopista Sur x Est. industriales  N-S INT,542,2337318
2026-03-30T00:00:00.000-05:00,Av Las Vegas Cl 5sur  EAFIT S-N,438,2337318
2026-03-30T00:00:00.000-05:00,Cl 76 Cr 80 Conjunto Do├▒a Maria Robledo OCC-OR,533,2337318
2026-03-30T00:00:00.000-05:00,Cl 55 Cr 74 Iguana OCC-OR,505,2337318
2026-03-30T00:00:00.000-05:00,Av 80 Cl 32EE  Villa de Aburra Fonda la 80 S-N,481,2337318
2026-03-30T00:00:00.000-05:00,AVENIDA NUTIBARA TV 39 CON 71 ( UPB ) (OCC-SUR),478,2337318
2026-03-30T00:00:00.000-05:00,Av 80 Cl 42 Auteco Laureles N-S,477,2337318
2026-03-30T00:00:00.000-05:00,CL 30 x CR 54 OR-OCC,481,2337318
2026-03-30T00:00:00.000-05:00,Av Las Palmas Cr 42 Cl 34 AngusBrangus OCC-OR,503,2337318
2026-03-30T00:00:00.000-05:00,Av 80 Cl 45G  Muebles Juventud Floresta S-N,473,2337318
2026-03-30T00:00:00.000-05:00,CL 10 x CR 52A OCC-OR,469,2337318
2026-03-30T00:00:00.000-05:00,Cr 65 Cl 32B Colegio Fatima S-N,488,2337318
2026-03-30T00:00:00.000-05:00,Av Oriental Cl 46 Parque San Antonio N-S,461,2337318
2026-03-30T00:00:00.000-05:00,Av 33 Cr 76 Los Almendros OCC-OR,422,2337318
2026-03-30T00:00:00.000-05:00,Av Poblado Cl 34  Puente Peatonal Almacentro S-N,446,2337318
2026-03-30T00:00:00.000-05:00,AV.FERROCARRIL X CLL 45A,472,2337318
2026-03-30T00:00:00.000-05:00,Av Las Palmas Cr 42 Cl 34 AngusBrangus OR-OCC,469,2337318
2026-03-30T00:00:00.000-05:00,Av Poblado Cl 14Sur Antes Oreja Aguacatala  S-N,464,2337318
2026-03-30T00:00:00.000-05:00,Av 80 Cl 20A SaludCoop La 80 S-N,443,2337318
2026-03-30T00:00:00.000-05:00,Calle 4  SUR #43 B 60  (UNIDAD MARRUECOS- CERCA PUENTE 4 SUR) OCC-OR,302,2337318
2026-03-30T00:00:00.000-05:00,Cl 48 Av 80 Est Floresta OR-OCC,387,2337318
2026-03-30T00:00:00.000-05:00,Cll  66 con Cr 48 (prado centro),427,2337318
2026-03-30T00:00:00.000-05:00,Av Poblado Cl 21sur Mall La Frontera N-S,391,2337318
2026-03-30T00:00:00.000-05:00,Av 80 Cl 50 Antes de la Glorieta Calasanz S-N,407,2337318
2026-03-30T00:00:00.000-05:00,Av las Vegas Cl 7 Politecnico JIC N-S,427,2337318
2026-03-30T00:00:00.000-05:00,Calle 38 con Cra 45 (inicio del palo) S-N,318,2337318
2026-03-30T00:00:00.000-05:00,Av 80 Cl 20A SaludCoop La 80 N-S,420,2337318
2026-03-30T00:00:00.000-05:00,Cl 35 Av 80 Rompoy Don Quijote OR-OCC,420,2337318
2026-03-30T00:00:00.000-05:00,Av Ferrocarril Cl 60 Canchas Sinteticas N-S,408,2337318
2026-03-30T00:00:00.000-05:00,Diag 79A Cr 76  Salida de Belen Rincon OCC-OR,266,2337318
2026-03-30T00:00:00.000-05:00,Av Ferrocarril Cl 60 Canchas Sinteticas S-N,391,2337318
2026-03-30T00:00:00.000-05:00,Av Poblado Cl 1  Edificio Caja Social Los Parra N-S,384,2337318
2026-03-30T00:00:00.000-05:00,Av. Bolivariana con Cra 75 (Bomba Terpel) (OR-OCC) PARQUE BELEN,317,2337318
2026-03-30T00:00:00.000-05:00,Cr 70 Cl 53 Colegio Marco Fidel Suarez N-S,348,2337318
2026-03-30T00:00:00.000-05:00,Av. Bolivariana con Cra 75 (Mi Bu├▒uelo (0CC-OR) PARQUE BELEN,331,2337318
2026-03-30T00:00:00.000-05:00,Cra 84F con Cll 20 (entrada altavista),326,2337318
2026-03-30T00:00:00.000-05:00,Av 80 Cl 50 Antes de la Glorieta Calasanz N-S,342,2337318
2026-03-30T00:00:00.000-05:00,CL 6 Sur x CR 51 OCC-OR,355,2337318
2026-03-30T00:00:00.000-05:00,Av Oriental Cl 57 EPS Sura S-N,353,2337318
2026-03-30T00:00:00.000-05:00,Av 80 Cl 32  Canalizacion Q la Pikacha S-N,323,2337318
2026-03-30T00:00:00.000-05:00,Av 80 Cl 32EE  Villa de Aburra Fonda la 80 N-S,337,2337318
2026-03-30T00:00:00.000-05:00,CR 99 x CL 48 N-S,304,2337318
2026-03-30T00:00:00.000-05:00,CR 66B x CL 28 N-S,323,2337318
2026-03-30T00:00:00.000-05:00,Cl 29 Cr 45  Punto Clave OR-OCC,323,2337318
2026-03-30T00:00:00.000-05:00,Av 80 Cl 45G  Muebles Juventud Floresta N-S,295,2337318
2026-03-30T00:00:00.000-05:00,Av Poblado Cl 1  Edificio San Fernando S-N,317,2337318
2026-03-30T00:00:00.000-05:00,Av. Las Vegas Cll 20 Ciudad del rio N-S,309,2337318
2026-03-30T00:00:00.000-05:00,Clle 32 D con CRA 66 B ( UNIDAD DEPORTIVA BELEN) (S-N),270,2337318
2026-03-30T00:00:00.000-05:00,Cl 30 Cr 70 Belen La Palma OR-OCC,280,2337318
2026-03-30T00:00:00.000-05:00,AV la playa - AV oriental,226,2337318
2026-03-30T00:00:00.000-05:00,Av 80 Cl 79B Robledo N-S,309,2337318
2026-03-30T00:00:00.000-05:00,CL 34B x CR 93B OR-OCC,305,2337318
2026-03-30T00:00:00.000-05:00,Cl 63 Cr 127 Entrada San Cristobal OCC-OR,277,2337318
2026-03-30T00:00:00.000-05:00,CR 45 x Cl 67,291,2337318
2026-03-30T00:00:00.000-05:00,Cr 87 Cl 30  UdeM S-N,288,2337318
2026-03-30T00:00:00.000-05:00,CR 63 x Tanques Ecopetrol,220,2337318
2026-03-30T00:00:00.000-05:00,CL 19A x CR 27-135,292,2337318
2026-03-30T00:00:00.000-05:00,Av 80 Cl 34C Alberto Lechona Laureles N-S,284,2337318
2026-03-30T00:00:00.000-05:00,Av Poblado Cl 21sur Mall La Frontera S-N,255,2337318
2026-03-30T00:00:00.000-05:00,Diag 79A Cr 76  Ingreso Belen Rincon OR-OCC,248,2337318
2026-03-30T00:00:00.000-05:00,CR 10 x CL 9,267,2337318
2026-03-30T00:00:00.000-05:00,cra 43c con calle 1 sur  (UNIDAD CA├æAVERAL-CERCA PUENTE 4 SUR) n-s,267,2337318
2026-03-30T00:00:00.000-05:00,Cl 30 Cr 80 Plastitelas OR-OCC,272,2337318
2026-03-30T00:00:00.000-05:00,CR 65 x CL 7 N-S,248,2337318
2026-03-30T00:00:00.000-05:00,CL 12 Sur x CR 11,260,2337318
2026-03-30T00:00:00.000-05:00,CL 6 Sur x CR 51 OR-OCC,241,2337318
2026-03-30T00:00:00.000-05:00,CL 82 x CR 51C,176,2337318
2026-03-30T00:00:00.000-05:00,DG 65D X TV 34B,234,2337318
2026-03-30T00:00:00.000-05:00,Av Oriental Cl 57A EPS Sura N-S,195,2337318
2026-03-30T00:00:00.000-05:00,Calle 12 Sur cra 44 (Glorieta Aguacatala al lado del sendero peatonal) (Ori-Occ),222,2337318
2026-03-30T00:00:00.000-05:00,Cl 20sur Cr 27  San Lucas OCC-OR,211,2337318
2026-03-30T00:00:00.000-05:00,CR 66B x CL 28 S-N,215,2337318
2026-03-30T00:00:00.000-05:00,Cl 30 Cr 70 Belen La Palma OCC-OR,182,2337318
2026-03-30T00:00:00.000-05:00,Cl 35 Av 80 Rompoy Don Quijote OCC-OR,210,2337318
2026-03-30T00:00:00.000-05:00,Trv Intermedia Cr 34 Cl 10A Hotel Diez S-N,205,2337318
2026-03-30T00:00:00.000-05:00,CL 72A x CR 49,203,2337318
2026-03-30T00:00:00.000-05:00,CL 34B x CR 93B OCC-OR,195,2337318
2026-03-30T00:00:00.000-05:00,Cl 72 Cr 102 Via Med-SanPerdro Hamacas S-N,183,2337318
2026-03-30T00:00:00.000-05:00,Cl 15A Cr 79  Und Yerbabuena Los Bernal OCC-OR,193,2337318
2026-03-30T00:00:00.000-05:00,Trv. Intermedia Av. Las Palmas OR-OCC,192,2337318
2026-03-30T00:00:00.000-05:00,CR 99 x CL 48 S-N,182,2337318
2026-03-30T00:00:00.000-05:00,Cl 47D Av 80 Est Floresta OCC-OR,181,2337318
2026-03-30T00:00:00.000-05:00,CR 49 x CL 72A,161,2337318
2026-03-30T00:00:00.000-05:00,Av Poblado Cl 19 Centro Automotriz S-N,162,2337318
2026-03-30T00:00:00.000-05:00,CL 48A x CR 99A OR-OCC,161,2337318
2026-03-30T00:00:00.000-05:00,CR 55 x CL 94A,156,2337318
2026-03-30T00:00:00.000-05:00,Cr 70 Cl 48 Costado Oriental Estadio N-S,154,2337318
2026-03-30T00:00:00.000-05:00,CR 45 x CL 67,132,2337318
2026-03-30T00:00:00.000-05:00,CL 25 x CR 65 OR-OCC,145,2337318
2026-03-30T00:00:00.000-05:00,Cr 65 Cl 59A UNAL y Cerro el Volador N-S,146,2337318
2026-03-30T00:00:00.000-05:00,CL 25 x CR 65 OCC-OR,141,2337318
2026-03-30T00:00:00.000-05:00,CR 68 x CL 64 Sur,129,2337318
2026-03-30T00:00:00.000-05:00,CRA 51 X CLL 49,113,2337318
2026-03-30T00:00:00.000-05:00,CL 48A x CR 99A OCC-OR,116,2337318
2026-03-30T00:00:00.000-05:00,CR 65 x CL 7 S-N,116,2337318
2026-03-30T00:00:00.000-05:00,Cl 10 Cr 25A Cola del Zorro OR-OCC,110,2337318
2026-03-30T00:00:00.000-05:00,Cl 20A Cr 79A Capilla SaludCoop OCC-OR,96,2337318
2026-03-30T00:00:00.000-05:00,CR 11 x CL 5 sur,90,2337318
2026-03-30T00:00:00.000-05:00,AV NUTIBARA CLL 42 CON 79( IGLESIA CONSOLATA) N-S,87,2337318
2026-03-30T00:00:00.000-05:00,Cr 74 Cl 48  Obelisco N-S,83,2337318
2026-03-30T00:00:00.000-05:00,Cr 37 Cl 9sur Mall Comercial Honda OR-OCC,77,2337318
2026-03-30T00:00:00.000-05:00,Trv Intermedia Cr 34 Cl 5A Poblado S-N,76,2337318
2026-03-30T00:00:00.000-05:00,CL 38 x CR 106A OR-OCC,47,2337318
2026-03-30T00:00:00.000-05:00,DG 65D X CL 34A,44,2337318
2026-03-30T00:00:00.000-05:00,Autopista Sur x Est. industriales N-S CURVA,34,2337318
2026-03-30T00:00:00.000-05:00,Cl 30 Cr 80 Plastitelas OCC-OR,31,2337318
2026-03-30T00:00:00.000-05:00,CL 38 x CR 106A OCC-OR,17,2337318
2026-03-30T00:00:00.000-05:00,Cra 48 con Cll 66 (antes de iglesia marrique direccion bajando al centro ),16,2337318
2026-03-30T00:00:00.000-05:00,Trv 79C Av 80 Bajando a coger la 80 OCC-OR,14,2337318
2026-03-30T00:00:00.000-05:00,Cr 56A Av de Greiff  Hacia San Benito N-S,14,2337318
2026-03-31T00:00:00.000-05:00,CR 64AA x CL 121,50846,2337318
2026-03-31T00:00:00.000-05:00,CL 67 x CR 65,42803,2337318
2026-03-31T00:00:00.000-05:00,Autopista Sur x Est. industriales N-S EXT,49978,2337318
2026-03-31T00:00:00.000-05:00,Autopista Sur Cl 48 La Macarena N-S EXT,50741,2337318
2026-03-31T00:00:00.000-05:00,Autopista Sur con Pte Guayabal  N-S INT,47631,2337318
2026-03-31T00:00:00.000-05:00,Autopista Sur con Pte Guayabal  N-S EXT,42111,2337318
2026-03-31T00:00:00.000-05:00,Av Regional Cl 15sur Est Aguacatala S-N  EXT,40614,2337318
2026-03-31T00:00:00.000-05:00,Autopista sur Est industriales  N-S INT,38018,2337318
2026-03-31T00:00:00.000-05:00,Av Regional Cl 15sur Est Aguacatala S-N  INT,34985,2337318
2026-03-31T00:00:00.000-05:00,Cr 50 x CL 12 Sur N-S  EXT,34705,2337318
2026-03-31T00:00:00.000-05:00,Av Regional x CL 89,29174,2337318
2026-03-31T00:00:00.000-05:00,Cr 50 x CL 12 Sur N-S INT,30377,2337318
2026-03-31T00:00:00.000-05:00,CR 52 x CL 6 Sur 70 S-N,26657,2337318
2026-03-31T00:00:00.000-05:00,Av Regional Est Industriales  S-N EXT,31775,2337318
2026-03-31T00:00:00.000-05:00,CL 2 Sur x CR 67 N-S,24364,2337318
2026-03-31T00:00:00.000-05:00,CR 65 x CL 97,21334,2337318
2026-03-31T00:00:00.000-05:00,Autopista Sur x Est. industriales  N-S INT,29255,2337318
2026-03-31T00:00:00.000-05:00,CR 63 x CL 121,25211,2337318
2026-03-31T00:00:00.000-05:00,Av 33 CR 66B Clin Oftalmologica OCC-OR,21001,2337318
2026-03-31T00:00:00.000-05:00,Cra 96 Cll 44 Bibl. San Javier OR-OCC,19074,2337318
2026-03-31T00:00:00.000-05:00,Av Bolivariana Cl 35 Unicentro OR-OCC,21053,2337318
2026-03-31T00:00:00.000-05:00,Av Poblado Cl 14Sur Edificio SEROX N-S,18924,2337318
2026-03-31T00:00:00.000-05:00,Cl 29 Cr 45  Punto Clave OCC-OR,21339,2337318
2026-03-31T00:00:00.000-05:00,CR 52 x CL 14 Sur 129,19154,2337318
2026-03-31T00:00:00.000-05:00,Av Oriental Cl 46 Parque San Antonio N-S,18548,2337318
2026-03-31T00:00:00.000-05:00,Av San Juan Cr 43A Subiendo a Salvador OCC-OR,17810,2337318
2026-03-31T00:00:00.000-05:00,Av 33 CR 66B Clin Oftalmologica OR-OCC,18317,2337318
2026-03-31T00:00:00.000-05:00,Av Carabobo x CL 78,17365,2337318
2026-03-31T00:00:00.000-05:00,Av Regional Est Industriales  S-N INT,21161,2337318
2026-03-31T00:00:00.000-05:00,Cl 37 Cr 48 Leonisa OR-OCC,18052,2337318
2026-03-31T00:00:00.000-05:00,Av. Las Vegas Cll 20 Ciudad del rio S-N,15699,2337318
2026-03-31T00:00:00.000-05:00,Cll  66 con Cr 48 (prado centro),19168,2337318
2026-03-31T00:00:00.000-05:00,CR 65 x CL 80,17027,2337318
2026-03-31T00:00:00.000-05:00,Av Poblado Cl 34  Puente Peatonal Almacentro N-S,14904,2337318
2026-03-31T00:00:00.000-05:00,Cl 11 Cr 43E Bajando a Moterrey Manila OR-OCC,16951,2337318
2026-03-31T00:00:00.000-05:00,Av 80 Cl 42 Auteco Laureles N-S,16274,2337318
2026-03-31T00:00:00.000-05:00,Av Oriental Cl 57A EPS Sura N-S,13667,2337318
2026-03-31T00:00:00.000-05:00,Av. Las Palmas Cra 30 OCC-OR,16944,2337318
2026-03-31T00:00:00.000-05:00,Av San Juan Cr 82 EDS Texaco OCC-OR,17538,2337318
2026-03-31T00:00:00.000-05:00,CR 52 x CL 6 Sur 57 N-S,14900,2337318
2026-03-31T00:00:00.000-05:00,Av San Juan Cr 65 Goodyear OCC-OR,18430,2337318
2026-03-31T00:00:00.000-05:00,CL 67 x CR 55,17038,2337318
2026-03-31T00:00:00.000-05:00,Av las Vegas Cl 15sur Aguacatala EDS Mobil S-N,15829,2337318
2026-03-31T00:00:00.000-05:00,CL 30 x CR 54 OCC-OR,16799,2337318
2026-03-31T00:00:00.000-05:00,Av Poblado Cl 24  Banco Occidente-Mall  N-S,16188,2337318
2026-03-31T00:00:00.000-05:00,Av 80 Cl 50 Antes de la Glorieta Calasanz N-S,14726,2337318
2026-03-31T00:00:00.000-05:00,Av Oriental Cl 46 Parque San Antonio S-N,12358,2337318
2026-03-31T00:00:00.000-05:00,CL 66 x CR 45,10823,2337318
2026-03-31T00:00:00.000-05:00,Cl 55 Cr 74 Iguana OCC-OR,15951,2337318
2026-03-31T00:00:00.000-05:00,Cra 43C CALLE  6 SUR (DETR├üS DE OVIEDO -CERCA PUENTE 4 SUR) N-S,12161,2337318
2026-03-31T00:00:00.000-05:00,CRA 56 X CLL 49,12111,2337318
2026-03-31T00:00:00.000-05:00,Av Ferrocarril Cl 60 Canchas Sinteticas N-S,14053,2337318
2026-03-31T00:00:00.000-05:00,Calle 12 Sur cra 44 (Glorieta Aguacatala) (Occ-Ori),14801,2337318
2026-03-31T00:00:00.000-05:00,Av Las Palmas Cr 42 Cl 34 AngusBrangus OCC-OR,15709,2337318
2026-03-31T00:00:00.000-05:00,Av las Vegas Cl 15sur Aguacatala EDS Mobil N-S,15450,2337318
2026-03-31T00:00:00.000-05:00,Cl 10 Cr 43B Parque El Poblado OCC-OR,14393,2337318
2026-03-31T00:00:00.000-05:00,Cra 63B con Cll 33 (Occ-Ori) frente a taberna baco,14901,2337318
2026-03-31T00:00:00.000-05:00,Calle 55 con Cra 65 (punete de Iguana) occ- orie,13521,2337318
2026-03-31T00:00:00.000-05:00,Cl 80 Av 80  CAI Lopez de Mesa OR-OCC,12231,2337318
2026-03-31T00:00:00.000-05:00,CL 10 x CR 52A OR-OCC,14261,2337318
2026-03-31T00:00:00.000-05:00,Cra 63B con Cll 33 (Ori-Occ)frente a taberna baco,14473,2337318
2026-03-31T00:00:00.000-05:00,Av Poblado Cl 14Sur Antes Oreja Aguacatala  S-N,14180,2337318
2026-03-31T00:00:00.000-05:00,Cr 65 Cl 43 San Joaquin S-N,14057,2337318
2026-03-31T00:00:00.000-05:00,Av 80 Cl 32EE  Villa de Aburra Fonda la 80 S-N,11882,2337318
2026-03-31T00:00:00.000-05:00,Av Las Vegas Cl 5sur  EAFIT S-N,11103,2337318
2026-03-31T00:00:00.000-05:00,CL 104 x CR 65,9413,2337318
2026-03-31T00:00:00.000-05:00,AVENIDA NUTIBARA TV 39 CON 71 ( UPB ) (OCC-SUR),12144,2337318
2026-03-31T00:00:00.000-05:00,Av 80 Cl 42 Auteco Laureles S-N,12329,2337318
2026-03-31T00:00:00.000-05:00,Av Poblado Cl 1  Edificio Caja Social Los Parra N-S,12194,2337318
2026-03-31T00:00:00.000-05:00,Av San Juan Cr 82 EDS Texaco OR-OCC,12710,2337318
2026-03-31T00:00:00.000-05:00,Cr 65 Cl 32A Clin Conquistadores S-N,10314,2337318
2026-03-31T00:00:00.000-05:00,AV.FERROCARRIL X CLL 45A,12632,2337318
2026-03-31T00:00:00.000-05:00,CR 39 x CL 86,9656,2337318
2026-03-31T00:00:00.000-05:00,Av las Vegas Cl 7 Politecnico JIC S-N,12110,2337318
2026-03-31T00:00:00.000-05:00,Av 80 Cl 34C Alberto Lechona Laureles S-N,12141,2337318
2026-03-31T00:00:00.000-05:00,Av 80 Cl 32  Canalizacion Q la Pikacha N-S,12250,2337318
2026-03-31T00:00:00.000-05:00,┬áCl 80 Cr 72 Cordoba OR-OCC,11363,2337318
2026-03-31T00:00:00.000-05:00,CR 53 x CL 93,11928,2337318
2026-03-31T00:00:00.000-05:00,Cl 50 Cr 81 Despues de la 80 OR-OCC,10817,2337318
2026-03-31T00:00:00.000-05:00,Calle 4  SUR #43 B 60  (UNIDAD MARRUECOS- CERCA PUENTE 4 SUR) OCC-OR,8850,2337318
2026-03-31T00:00:00.000-05:00,CL 10 x CR 52A OCC-OR,11255,2337318
2026-03-31T00:00:00.000-05:00,Av Ferrocarril Cl 60 Canchas Sinteticas S-N,8372,2337318
2026-03-31T00:00:00.000-05:00,Cl 67 Cr 55 UdeA Tienda Corona OCC-OR,10977,2337318
2026-03-31T00:00:00.000-05:00,Cr 65 Cl 42 D1 San Joaquin S-N,9418,2337318
2026-03-31T00:00:00.000-05:00,Av 33 Cr 82 Santa Gema OCC-OR,9971,2337318
2026-03-31T00:00:00.000-05:00,Av Bolivariana Cl 35 Unicentro OCC-OR,12238,2337318
2026-03-31T00:00:00.000-05:00,Cl 29 Cr 45  Punto Clave OR-OCC,11016,2337318
2026-03-31T00:00:00.000-05:00,Av Las Vegas Cl 5sur  EAFIT N-S,11142,2337318
2026-03-31T00:00:00.000-05:00,Av 33 Cr 76 Los Almendros OCC-OR,10022,2337318
2026-03-31T00:00:00.000-05:00,Av Poblado Cl 34  Puente Peatonal Almacentro S-N,10275,2337318
2026-03-31T00:00:00.000-05:00,Cl 37 Cr 48 Leonisa OCC-OR,10446,2337318
2026-03-31T00:00:00.000-05:00,Av. Las Vegas Cll 20 Ciudad del rio N-S,10401,2337318
2026-03-31T00:00:00.000-05:00,CL 30 x CR 54 OR-OCC,9218,2337318
2026-03-31T00:00:00.000-05:00,Diag 79A Cr 76  Salida de Belen Rincon OCC-OR,8022,2337318
2026-03-31T00:00:00.000-05:00,Av 33 Cr 76 Los Almendros OR-OCC,7726,2337318
2026-03-31T00:00:00.000-05:00,Cl 30 Cr 70 Belen La Palma OCC-OR,8320,2337318
2026-03-31T00:00:00.000-05:00,Av 80 Cl 45G  Muebles Juventud Floresta S-N,9150,2337318
2026-03-31T00:00:00.000-05:00,Av las Vegas Cl 7 Politecnico JIC N-S,9788,2337318
2026-03-31T00:00:00.000-05:00,Av Las Palmas Cr 42 Cl 34 AngusBrangus OR-OCC,10268,2337318
2026-03-31T00:00:00.000-05:00,Av 80 Cl 32  Canalizacion Q la Pikacha S-N,9752,2337318
2026-03-31T00:00:00.000-05:00,CR 55 x CL 94B,9185,2337318
2026-03-31T00:00:00.000-05:00,Av 80 Cl 45G  Muebles Juventud Floresta N-S,9868,2337318
2026-03-31T00:00:00.000-05:00,AV la playa - AV oriental,7218,2337318
2026-03-31T00:00:00.000-05:00,AVENIDA NUTIBARA  TV 39 CON 71 ( UPB ) (OR-OCC),9868,2337318
2026-03-31T00:00:00.000-05:00,Av Poblado Cl 21sur Mall La Frontera N-S,7769,2337318
2026-03-31T00:00:00.000-05:00,Cr 65 Cl 59A UNAL y Cerro el Volador S-N,10187,2337318
2026-03-31T00:00:00.000-05:00,Av 80 Cl 20A SaludCoop La 80 N-S,10056,2337318
2026-03-31T00:00:00.000-05:00,Cl 29 x Cr 38,9613,2337318
2026-03-31T00:00:00.000-05:00,Cr 37 Cl 9sur Mall Comercial Honda OCC-OR,9452,2337318
2026-03-31T00:00:00.000-05:00,Av 80 Cl 20A SaludCoop La 80 S-N,8568,2337318
2026-03-31T00:00:00.000-05:00,AV NUTIBARA CLL 42 CON 79 ( IGLESIA CONSOLATA) S-N,7816,2337318
2026-03-31T00:00:00.000-05:00,Cl 76 Cr 80 Conjunto Do├▒a Maria Robledo OCC-OR,8063,2337318
2026-03-31T00:00:00.000-05:00,Av 80 Cl 32EE  Villa de Aburra Fonda la 80 N-S,8952,2337318
2026-03-31T00:00:00.000-05:00,Calle 38 con Cra 45 (inicio del palo) S-N,5264,2337318
2026-03-31T00:00:00.000-05:00,CL 6 Sur x CR 51 OR-OCC,9313,2337318
2026-03-31T00:00:00.000-05:00,Av 80 Cl 50 Antes de la Glorieta Calasanz S-N,8007,2337318
2026-03-31T00:00:00.000-05:00,Av 80 Cl 34C Alberto Lechona Laureles N-S,8338,2337318
2026-03-31T00:00:00.000-05:00,Av Poblado Cl 1  Edificio San Fernando S-N,7717,2337318
2026-03-31T00:00:00.000-05:00,Cra 43C CALLE  6 SUR (DETR├üS DE OVIEDO -CERCA PUENTE 4 SUR) S -N,8102,2337318
2026-03-31T00:00:00.000-05:00,Cr 65 Cl 59A UNAL y Cerro el Volador N-S,8692,2337318
2026-03-31T00:00:00.000-05:00,Cr 70 Cl 53 Colegio Marco Fidel Suarez N-S,7359,2337318
2026-03-31T00:00:00.000-05:00,CL 6 Sur x CR 51 OCC-OR,8101,2337318
2026-03-31T00:00:00.000-05:00,CR 66B x CL 28 N-S,8063,2337318
2026-03-31T00:00:00.000-05:00,AV NUTIBARA CLL 42 CON 79( IGLESIA CONSOLATA) N-S,7725,2337318
2026-03-31T00:00:00.000-05:00,Av. Bolivariana con Cra 75 (Bomba Terpel) (OR-OCC) PARQUE BELEN,6897,2337318
2026-03-31T00:00:00.000-05:00,CR 63 x Tanques Ecopetrol,6409,2337318
2026-03-31T00:00:00.000-05:00,CR 55 x CL 94A,7805,2337318
2026-03-31T00:00:00.000-05:00,Av Poblado Cl 21sur Mall La Frontera S-N,6852,2337318
2026-03-31T00:00:00.000-05:00,Av 80 Cl 79B Robledo N-S,7335,2337318
2026-03-31T00:00:00.000-05:00,Clle 32 D con CRA 66 B ( UNIDAD DEPORTIVA BELEN) (S-N),5631,2337318
2026-03-31T00:00:00.000-05:00,Av. Bolivariana con Cra 75 (Mi Bu├▒uelo (0CC-OR) PARQUE BELEN,7201,2337318
2026-03-31T00:00:00.000-05:00,Av 80 Cl 79B Robledo S-N,7105,2337318
2026-03-31T00:00:00.000-05:00,CL 72A x CR 49,6583,2337318
2026-03-31T00:00:00.000-05:00,Cr 65 Cl 32B Colegio Fatima S-N,7629,2337318
2026-03-31T00:00:00.000-05:00,Av Oriental Cl 57 EPS Sura S-N,7348,2337318
2026-03-31T00:00:00.000-05:00,Calle 12 Sur  cra 44 (Glorieta Aguacatala) (Ori-Occ),6935,2337318
2026-03-31T00:00:00.000-05:00,Cr 74 Cl 48  Obelisco S-N,4890,2337318
2026-03-31T00:00:00.000-05:00,CR 99 x CL 48 N-S,5181,2337318
2026-03-31T00:00:00.000-05:00,Cl 47D Av 80 Est Floresta OCC-OR,6170,2337318
2026-03-31T00:00:00.000-05:00,Cr 70 Cl 48 Costado Oriental Estadio N-S,6180,2337318
2026-03-31T00:00:00.000-05:00,Cra 84F con Cll 20 (entrada altavista),4055,2337318
2026-03-31T00:00:00.000-05:00,Trv Intermedia Cr 34 Cl 10A Hotel Diez S-N,5518,2337318
2026-03-31T00:00:00.000-05:00,CL 19A x CR 27-135,5643,2337318
2026-03-31T00:00:00.000-05:00,Cl 63 Cr 127 Entrada San Cristobal OCC-OR,3811,2337318
2026-03-31T00:00:00.000-05:00,CR 65 x CL 7 S-N,5287,2337318
2026-03-31T00:00:00.000-05:00,CR 45 x Cl 67,4869,2337318
2026-03-31T00:00:00.000-05:00,Cl 30 Cr 70 Belen La Palma OR-OCC,4549,2337318
2026-03-31T00:00:00.000-05:00,Av Poblado Cl 19 Centro Automotriz S-N,5326,2337318
2026-03-31T00:00:00.000-05:00,DG 65D X TV 34B,5334,2337318
2026-03-31T00:00:00.000-05:00,CR 10 x CL 9,5290,2337318
2026-03-31T00:00:00.000-05:00,CL 34B x CR 93B OCC-OR,4577,2337318
2026-03-31T00:00:00.000-05:00,Cl 35 Av 80 Rompoy Don Quijote OCC-OR,4634,2337318
2026-03-31T00:00:00.000-05:00,Cl 48 Av 80 Est Floresta OR-OCC,4554,2337318
2026-03-31T00:00:00.000-05:00,CR 68 x CL 64 Sur,4802,2337318
2026-03-31T00:00:00.000-05:00,Cr 87 Cl 30  UdeM S-N,3688,2337318
2026-03-31T00:00:00.000-05:00,CL 12 Sur x CR 11,4080,2337318
2026-03-31T00:00:00.000-05:00,Cl 30 Cr 80 Plastitelas OR-OCC,4016,2337318
2026-03-31T00:00:00.000-05:00,Cr 37 Cl 9sur Mall Comercial Honda OR-OCC,3995,2337318
2026-03-31T00:00:00.000-05:00,CR 65 x CL 7 N-S,3508,2337318
2026-03-31T00:00:00.000-05:00,cra 43c con calle 1 sur  (UNIDAD CA├æAVERAL-CERCA PUENTE 4 SUR) n-s,3554,2337318
2026-03-31T00:00:00.000-05:00,Trv. Intermedia Av. Las Palmas OR-OCC,3718,2337318
2026-03-31T00:00:00.000-05:00,Cl 20sur Cr 27  San Lucas OCC-OR,3296,2337318
2026-03-31T00:00:00.000-05:00,CL 34B x CR 93B OR-OCC,2945,2337318
2026-03-31T00:00:00.000-05:00,Cl 72 Cr 102 Via Med-SanPerdro Hamacas S-N,2730,2337318
2026-03-31T00:00:00.000-05:00,Diag 79A Cr 76  Ingreso Belen Rincon OR-OCC,2709,2337318
2026-03-31T00:00:00.000-05:00,Cl 15A Cr 79  Und Yerbabuena Los Bernal OCC-OR,2910,2337318
2026-03-31T00:00:00.000-05:00,CR 49 x CL 72A,1862,2337318
2026-03-31T00:00:00.000-05:00,CR 99 x CL 48 S-N,2647,2337318
2026-03-31T00:00:00.000-05:00,CR 45 x CL 67,2656,2337318
2026-03-31T00:00:00.000-05:00,CR 66B x CL 28 S-N,2941,2337318
2026-03-31T00:00:00.000-05:00,CL 82 x CR 51C,2017,2337318
2026-03-31T00:00:00.000-05:00,Cl 35 Av 80 Rompoy Don Quijote OR-OCC,2795,2337318
2026-03-31T00:00:00.000-05:00,Cr 56A Av de Greiff  Hacia San Benito N-S,2686,2337318
2026-03-31T00:00:00.000-05:00,Calle 12 Sur cra 44 (Glorieta Aguacatala al lado del sendero peatonal) (Ori-Occ),2571,2337318
2026-03-31T00:00:00.000-05:00,CR 11 x CL 5 sur,2350,2337318
2026-03-31T00:00:00.000-05:00,Cl 10 Cr 25A Cola del Zorro OR-OCC,2244,2337318
2026-03-31T00:00:00.000-05:00,CL 25 x CR 65 OR-OCC,2381,2337318
2026-03-31T00:00:00.000-05:00,Cl 20A Cr 79A Capilla SaludCoop OCC-OR,2118,2337318
2026-03-31T00:00:00.000-05:00,CL 25 x CR 65 OCC-OR,2322,2337318
2026-03-31T00:00:00.000-05:00,Trv Intermedia Cr 34 Cl 5A Poblado S-N,2273,2337318
2026-03-31T00:00:00.000-05:00,CL 48A x CR 99A OCC-OR,1664,2337318
2026-03-31T00:00:00.000-05:00,CL 48A x CR 99A OR-OCC,1554,2337318
2026-03-31T00:00:00.000-05:00,CRA 51 X CLL 49,1661,2337318
2026-03-31T00:00:00.000-05:00,Cr 74 Cl 48  Obelisco N-S,1584,2337318
2026-03-31T00:00:00.000-05:00,Cra 48 con Cll 66 (antes de iglesia marrique direccion bajando al centro ),1435,2337318
2026-03-31T00:00:00.000-05:00,Autopista Sur x Est. industriales N-S CURVA,1117,2337318
2026-03-31T00:00:00.000-05:00,DG 65D X CL 34A,716,2337318
2026-03-31T00:00:00.000-05:00,Cl 30 Cr 80 Plastitelas OCC-OR,556,2337318
2026-03-31T00:00:00.000-05:00,CL 38 x CR 106A OCC-OR,549,2337318
2026-03-31T00:00:00.000-05:00,CL 38 x CR 106A OR-OCC,478,2337318
2026-03-31T00:00:00.000-05:00,Trv 79C Av 80 Bajando a coger la 80 OCC-OR,306,2337318
2026-03-31T00:00:00.000-05:00,Av 80 con Calle 28A La Jugosa N-S,6,2337318
